{
    "train_loss": [
        0.0,
        0.0,
        0.0,
        0.0,
        0.0,
        0.0,
        0.0,
        0.0,
        0.0,
        0.0,
        0.0,
        0.0,
        0.0,
        0.0,
        0.0,
        0.0,
        0.0,
        0.0,
        0.0,
        0.0,
        0.0,
        0.0,
        0.0,
        0.0,
        0.0,
        0.0,
        0.0,
        0.0,
        0.0,
        0.0,
        0.0,
        0.0,
        0.0,
        0.0,
        0.0,
        0.0,
        0.0,
        0.0,
        0.0,
        0.0,
        0.0,
        0.0,
        0.0,
        0.0,
        0.0,
        0.0,
        0.0,
        0.0,
        0.0,
        0.0,
        0.0,
        0.0,
        0.0,
        0.0,
        0.0,
        0.0,
        0.0,
        0.0,
        0.0,
        0.0,
        0.0,
        0.0,
        0.0,
        0.0,
        0.0,
        0.0,
        0.0,
        0.0,
        0.0,
        0.0,
        0.0,
        0.0,
        0.0,
        0.0,
        0.0,
        0.0,
        0.0,
        0.0,
        0.0,
        0.0,
        0.0,
        0.0,
        0.0,
        0.0,
        0.0,
        0.0,
        0.0,
        0.0,
        0.0,
        0.0,
        0.0,
        0.0,
        0.0,
        0.0,
        0.0,
        0.0,
        0.0,
        0.0,
        0.0,
        0.0
    ],
    "test_acc": [
        36.89,
        38.46000000000001,
        39.71,
        40.42,
        41.3,
        41.82000000000001,
        43.029999999999994,
        44.47,
        46.169999999999995,
        47.38,
        48.959999999999994,
        50.24,
        51.94,
        53.830000000000005,
        55.65999999999999,
        57.660000000000004,
        59.77,
        61.620000000000005,
        63.82000000000001,
        65.80000000000001,
        68.39,
        70.60999999999999,
        73.0,
        75.53,
        77.22000000000001,
        79.17,
        80.62999999999998,
        81.94,
        83.05,
        84.44999999999999,
        85.37999999999998,
        86.66999999999999,
        87.54,
        88.53999999999999,
        89.39,
        89.94000000000001,
        90.62999999999998,
        91.05000000000001,
        91.54,
        92.05,
        92.46000000000001,
        92.9,
        93.16000000000001,
        93.36000000000001,
        93.61,
        93.68,
        93.75000000000003,
        93.80000000000001,
        93.83999999999999,
        93.90999999999998,
        93.99999999999999,
        94.1,
        94.18,
        94.27999999999999,
        94.34999999999998,
        94.40999999999998,
        94.43999999999998,
        94.5,
        94.5,
        94.5,
        94.5,
        94.5,
        94.5,
        94.5,
        94.5,
        94.5,
        94.5,
        94.5,
        94.5,
        94.5,
        94.5,
        94.5,
        94.5,
        94.5,
        94.5,
        94.5,
        94.5,
        94.5,
        94.5,
        94.5,
        94.5,
        94.5,
        94.5,
        94.5,
        94.5,
        94.5,
        94.5,
        94.5,
        94.5,
        94.5,
        94.5,
        94.5,
        94.5,
        94.5,
        94.5,
        94.5,
        94.5,
        94.5,
        94.5,
        94.5
    ],
    "test_mse": [],
    "consensus_error": [
        0.03083815798163414,
        0.006290302611887455,
        0.0015618579927831888,
        0.0004176568181719631,
        0.00011772326979553327,
        3.8728147046640515e-05,
        1.7479895177530125e-05,
        1.4075575563765597e-05,
        9.586268788552843e-06,
        9.373462489747908e-06,
        9.604697879694868e-06,
        9.222369044437073e-06,
        8.400682418141514e-06,
        8.515196896041743e-06,
        8.326237548317295e-06,
        1.0079516869154759e-05,
        7.494618330383673e-06,
        7.92258924775524e-06,
        8.048402378335595e-06,
        9.067143764696084e-06,
        7.286958862096071e-06,
        6.533610758197028e-06,
        7.1662934715277515e-06,
        8.287100172310602e-06,
        7.270154128491413e-06,
        6.466003014793387e-06,
        6.486146048700903e-06,
        6.376288183673751e-06,
        5.8726518545881845e-06,
        6.053497600078117e-06,
        5.6804128689691424e-06,
        6.454106369346846e-06,
        5.615652298729401e-06,
        5.807095021737041e-06,
        5.044853423896711e-06,
        6.549180397996679e-06,
        5.870834684174042e-06,
        4.933682248520199e-06,
        4.59298007626785e-06,
        7.193820692918962e-06,
        4.96467737320927e-06,
        4.739037649414968e-06,
        4.499756414588774e-06,
        5.477325885294704e-06,
        4.079761311004404e-06,
        4.385487955005374e-06,
        4.2222281990689225e-06,
        5.129380042490084e-06,
        3.900067440554267e-06,
        4.1963739931816235e-06,
        3.60308627023187e-06,
        4.807590357813751e-06,
        3.705355993588455e-06,
        3.6774490581592545e-06,
        3.441313765506493e-06,
        4.286496732675005e-06,
        3.6565040772984503e-06,
        3.2150685456144856e-06,
        3.2908160392253194e-06,
        3.99146847485099e-06,
        3.4089439395756926e-06,
        3.2054390430857893e-06,
        2.802407607305213e-06,
        4.091826212970773e-06,
        2.9982804790051887e-06,
        2.717902816584683e-06,
        2.927396735685761e-06,
        3.7847701150894864e-06,
        2.8625058803299908e-06,
        2.6334475933254e-06,
        2.58471368397295e-06,
        3.4786630749295e-06,
        2.524865749364835e-06,
        2.5240071863663616e-06,
        2.3540319489256945e-06,
        3.02997113976744e-06,
        2.2613510282099014e-06,
        2.277726935062674e-06,
        2.285818936798023e-06,
        3.169493083987618e-06,
        2.2281569727056194e-06,
        2.1228863715805346e-06,
        2.1736354938184377e-06,
        3.2478187677043024e-06,
        2.3952502488100436e-06,
        1.966490799532039e-06,
        1.941706614161376e-06,
        2.5406475288036745e-06,
        2.0489742382778786e-06,
        1.8752419919110253e-06,
        1.926466211443767e-06,
        2.2245399122766685e-06,
        2.0097877495572902e-06,
        1.804237626856775e-06,
        1.6514259186806157e-06,
        2.9003326744714286e-06,
        1.6456260709674098e-06,
        1.7846583659775206e-06,
        1.6293724911520258e-06,
        2.345394477742957e-06
    ],
    "comm_volume": [
        1978,
        3956,
        5934,
        7912,
        9890,
        11868,
        13846,
        15824,
        17802,
        19780,
        21758,
        23736,
        25714,
        27692,
        29670,
        31648,
        33626,
        35604,
        37582,
        39560,
        41538,
        43516,
        45494,
        47472,
        49450,
        51428,
        53406,
        55384,
        57362,
        59340,
        61318,
        63296,
        65274,
        67252,
        69230,
        71208,
        73186,
        75164,
        77142,
        79120,
        81098,
        83076,
        85054,
        87032,
        89010,
        90988,
        92966,
        94944,
        96922,
        98900,
        100878,
        102856,
        104834,
        106812,
        108790,
        110768,
        112746,
        114724,
        116702,
        118680,
        120658,
        122636,
        124614,
        126592,
        128570,
        130548,
        132526,
        134504,
        136482,
        138460,
        140438,
        142416,
        144394,
        146372,
        148350,
        150328,
        152306,
        154284,
        156262,
        158240,
        160218,
        162196,
        164174,
        166152,
        168130,
        170108,
        172086,
        174064,
        176042,
        178020,
        179998,
        181976,
        183954,
        185932,
        187910,
        189888,
        191866,
        193844,
        195822,
        197800
    ]
}