{
    "train_loss": [
        0.0,
        0.0,
        0.0,
        0.0,
        0.0,
        0.0,
        0.0,
        0.0,
        0.0,
        0.0,
        0.0,
        0.0,
        0.0,
        0.0,
        0.0,
        0.0,
        0.0,
        0.0,
        0.0,
        0.0,
        0.0,
        0.0,
        0.0,
        0.0,
        0.0,
        0.0,
        0.0,
        0.0,
        0.0,
        0.0,
        0.0,
        0.0,
        0.0,
        0.0,
        0.0,
        0.0,
        0.0,
        0.0,
        0.0,
        0.0,
        0.0,
        0.0,
        0.0,
        0.0,
        0.0,
        0.0,
        0.0,
        0.0,
        0.0,
        0.0,
        0.0,
        0.0,
        0.0,
        0.0,
        0.0,
        0.0,
        0.0,
        0.0,
        0.0,
        0.0,
        0.0,
        0.0,
        0.0,
        0.0,
        0.0,
        0.0,
        0.0,
        0.0,
        0.0,
        0.0,
        0.0,
        0.0,
        0.0,
        0.0,
        0.0,
        0.0,
        0.0,
        0.0,
        0.0,
        0.0,
        0.0,
        0.0,
        0.0,
        0.0,
        0.0,
        0.0,
        0.0,
        0.0,
        0.0,
        0.0,
        0.0,
        0.0,
        0.0,
        0.0,
        0.0,
        0.0,
        0.0,
        0.0,
        0.0,
        0.0
    ],
    "test_acc": [
        59.16916916916917,
        70.24024024024023,
        76.9169169169169,
        79.77977977977977,
        81.07107107107106,
        81.78178178178177,
        82.87287287287288,
        84.03403403403404,
        84.91491491491492,
        85.68568568568568,
        85.81581581581584,
        85.6956956956957,
        86.11611611611612,
        85.8858858858859,
        85.81581581581582,
        86.03603603603604,
        86.06606606606607,
        86.02602602602602,
        85.995995995996,
        85.5955955955956,
        85.96596596596596,
        85.97597597597597,
        86.06606606606606,
        85.93593593593593,
        85.94594594594595,
        85.995995995996,
        85.98598598598599,
        85.99599599599598,
        86.04604604604604,
        86.01601601601601,
        86.18618618618618,
        86.10610610610611,
        86.36636636636635,
        86.39639639639638,
        86.3963963963964,
        86.28628628628628,
        86.43643643643642,
        86.55655655655656,
        86.65665665665665,
        86.63663663663664,
        86.71671671671672,
        86.7767767767768,
        86.81681681681683,
        86.53653653653654,
        86.62662662662663,
        86.6066066066066,
        86.81681681681681,
        86.76676676676678,
        86.90690690690693,
        86.86686686686687,
        86.91691691691692,
        86.93693693693693,
        86.976976976977,
        86.98698698698698,
        86.94694694694695,
        87.03703703703704,
        87.00700700700702,
        87.10710710710711,
        87.10710710710711,
        87.11711711711712,
        87.04704704704706,
        87.12712712712712,
        87.1071071071071,
        87.10710710710711,
        87.25725725725724,
        87.27727727727728,
        87.28728728728728,
        87.13713713713715,
        87.15715715715717,
        87.27727727727729,
        87.32732732732731,
        87.29729729729729,
        87.38738738738739,
        87.36736736736736,
        87.40740740740742,
        87.63763763763764,
        87.69769769769769,
        87.76776776776777,
        87.81781781781781,
        87.67767767767768,
        87.80780780780782,
        87.82782782782783,
        87.94794794794795,
        87.76776776776777,
        87.8978978978979,
        87.987987987988,
        87.98798798798798,
        87.97797797797799,
        88.06806806806807,
        88.13813813813815,
        88.14814814814815,
        88.04804804804803,
        88.15815815815816,
        88.18818818818819,
        88.23823823823824,
        88.25825825825825,
        88.31831831831832,
        88.19819819819821,
        88.34834834834834,
        88.47847847847848
    ],
    "test_acc_min": [
        37.83783783783784,
        49.849849849849846,
        59.95995995995996,
        77.87787787787788,
        79.87987987987988,
        80.38038038038037,
        80.38038038038037,
        81.48148148148148,
        82.78278278278279,
        83.78378378378379,
        84.68468468468468,
        82.38238238238237,
        85.78578578578579,
        84.28428428428428,
        84.18418418418419,
        85.58558558558559,
        85.4854854854855,
        85.4854854854855,
        85.4854854854855,
        83.08308308308308,
        85.4854854854855,
        85.58558558558559,
        85.68568568568568,
        84.58458458458459,
        85.38538538538538,
        85.68568568568568,
        84.98498498498499,
        85.38538538538538,
        85.58558558558559,
        85.58558558558559,
        85.78578578578579,
        85.28528528528528,
        85.98598598598599,
        85.88588588588588,
        85.4854854854855,
        85.28528528528528,
        85.78578578578579,
        85.4854854854855,
        86.18618618618619,
        86.18618618618619,
        86.38638638638638,
        86.48648648648648,
        86.48648648648648,
        85.28528528528528,
        86.08608608608608,
        86.08608608608608,
        86.58658658658659,
        86.38638638638638,
        86.48648648648648,
        86.68668668668668,
        86.48648648648648,
        86.48648648648648,
        86.78678678678679,
        86.78678678678679,
        86.58658658658659,
        86.68668668668668,
        86.78678678678679,
        86.78678678678679,
        86.68668668668668,
        86.68668668668668,
        86.68668668668668,
        86.78678678678679,
        86.88688688688688,
        85.98598598598599,
        86.88688688688688,
        86.68668668668668,
        86.78678678678679,
        85.98598598598599,
        86.78678678678679,
        86.78678678678679,
        86.88688688688688,
        86.88688688688688,
        86.98698698698699,
        86.78678678678679,
        87.18718718718719,
        87.18718718718719,
        87.28728728728728,
        87.18718718718719,
        87.38738738738738,
        87.08708708708708,
        87.28728728728728,
        87.4874874874875,
        87.4874874874875,
        86.88688688688688,
        86.88688688688688,
        87.4874874874875,
        87.68768768768768,
        86.98698698698699,
        87.58758758758759,
        87.68768768768768,
        87.78778778778779,
        86.98698698698699,
        87.58758758758759,
        87.08708708708708,
        87.78778778778779,
        87.68768768768768,
        87.88788788788789,
        87.98798798798799,
        87.98798798798799,
        87.98798798798799
    ],