{
    "train_loss": [
        0.0,
        0.0,
        0.0,
        0.0,
        0.0,
        0.0,
        0.0,
        0.0,
        0.0,
        0.0,
        0.0,
        0.0,
        0.0,
        0.0,
        0.0,
        0.0,
        0.0,
        0.0,
        0.0,
        0.0,
        0.0,
        0.0,
        0.0,
        0.0,
        0.0,
        0.0,
        0.0,
        0.0,
        0.0,
        0.0,
        0.0,
        0.0,
        0.0,
        0.0,
        0.0,
        0.0,
        0.0,
        0.0,
        0.0,
        0.0,
        0.0,
        0.0,
        0.0,
        0.0,
        0.0,
        0.0,
        0.0,
        0.0,
        0.0,
        0.0,
        0.0,
        0.0,
        0.0,
        0.0,
        0.0,
        0.0,
        0.0,
        0.0,
        0.0,
        0.0,
        0.0,
        0.0,
        0.0,
        0.0,
        0.0,
        0.0,
        0.0,
        0.0,
        0.0,
        0.0,
        0.0,
        0.0,
        0.0,
        0.0,
        0.0,
        0.0,
        0.0,
        0.0,
        0.0,
        0.0,
        0.0,
        0.0,
        0.0,
        0.0,
        0.0,
        0.0,
        0.0,
        0.0,
        0.0,
        0.0,
        0.0,
        0.0,
        0.0,
        0.0,
        0.0,
        0.0,
        0.0,
        0.0,
        0.0,
        0.0
    ],
    "test_acc": [
        36.89,
        38.47000000000001,
        39.71,
        40.410000000000004,
        41.33,
        41.85000000000001,
        43.029999999999994,
        44.37,
        46.199999999999996,
        47.480000000000004,
        48.9,
        50.32,
        52.07000000000001,
        53.84000000000001,
        55.71999999999999,
        57.48,
        59.67999999999999,
        61.44,
        63.6,
        65.78999999999999,
        68.26,
        70.56,
        72.92,
        75.25999999999999,
        77.08000000000001,
        79.12,
        80.55999999999999,
        81.79,
        82.87,
        84.32999999999998,
        85.21000000000001,
        86.61,
        87.42,
        88.36000000000001,
        89.30000000000001,
        89.95,
        90.56,
        91.04,
        91.50000000000003,
        92.03,
        92.38000000000001,
        92.87,
        93.16000000000001,
        93.36000000000001,
        93.61,
        93.67,
        93.75000000000003,
        93.80000000000001,
        93.82999999999998,
        93.91999999999999,
        93.99999999999999,
        94.10999999999999,
        94.18,
        94.26999999999998,
        94.36999999999998,
        94.39999999999998,
        94.44999999999999,
        94.5,
        94.5,
        94.5,
        94.5,
        94.5,
        94.5,
        94.5,
        94.5,
        94.5,
        94.5,
        94.5,
        94.5,
        94.5,
        94.5,
        94.5,
        94.5,
        94.5,
        94.5,
        94.5,
        94.5,
        94.5,
        94.5,
        94.5,
        94.5,
        94.5,
        94.5,
        94.5,
        94.5,
        94.5,
        94.5,
        94.5,
        94.5,
        94.5,
        94.5,
        94.5,
        94.5,
        94.5,
        94.5,
        94.5,
        94.5,
        94.5,
        94.5,
        94.5
    ],
    "test_mse": [],
    "consensus_error": [
        0.030838152393698692,
        0.00651934091001749,
        0.0016523981466889381,
        0.000450126884970814,
        0.0001290194340981543,
        4.3347889004508033e-05,
        1.8762884792522527e-05,
        1.3803573892801069e-05,
        1.0870082405745052e-05,
        9.82886012934614e-06,
        9.202215551340487e-06,
        9.765500180947129e-06,
        8.524812983523589e-06,
        9.177048013953026e-06,
        8.533352229278535e-06,
        1.0310874131391756e-05,
        8.04302908363752e-06,
        8.10619349067565e-06,
        8.146405889419839e-06,
        9.637984476285055e-06,
        8.24460312287556e-06,
        7.480180101993028e-06,
        6.919072802702431e-06,
        8.898719897842966e-06,
        7.405770247714827e-06,
        6.82631889503682e-06,
        6.398145160346758e-06,
        8.370889190700836e-06,
        6.289140401349869e-06,
        6.6331376729067415e-06,
        5.979646630294155e-06,
        7.353789442277048e-06,
        5.918323040532414e-06,
        5.916042027820367e-06,
        5.377552042773459e-06,
        6.768438652215991e-06,
        5.031015007261885e-06,
        5.439314008981455e-06,
        5.018756382924039e-06,
        6.1337304941844195e-06,
        4.667629582399968e-06,
        4.861736670136452e-06,
        4.739593350677751e-06,
        5.848716682521626e-06,
        4.696971700468566e-06,
        4.359943886811379e-06,
        4.37850940215867e-06,
        5.220935690886108e-06,
        4.206864559819223e-06,
        4.0090135371428914e-06,
        3.759533910852042e-06,
        5.40234532309114e-06,
        3.911233761755284e-06,
        3.5280088468425674e-06,
        3.959277364629088e-06,
        4.565371455100831e-06,
        3.6210592497809557e-06,
        3.2810457923915237e-06,
        3.461424512352096e-06,
        4.348951279098401e-06,
        3.5031421248277184e-06,
        2.952809154521674e-06,
        3.1422398478753166e-06,
        3.715828597705695e-06,
        3.029859271919122e-06,
        2.8230456337041687e-06,
        2.9582547540485393e-06,
        3.7204531508905347e-06,
        3.14931321554468e-06,
        2.8017943805025425e-06,
        2.597174670881941e-06,
        3.4078536828019423e-06,
        2.5913909666996915e-06,
        2.5733399979799287e-06,
        2.4465471142320894e-06,
        3.296220256743254e-06,
        2.4100786504277494e-06,
        2.3022091681923484e-06,
        2.4972989649540978e-06,
        3.2535360787733225e-06,
        2.2948693185753655e-06,
        2.261671852465952e-06,
        2.4057055725279497e-06,
        2.8633669444388943e-06,
        2.018294026129297e-06,
        2.0064596810698276e-06,
        2.0202789983159164e-06,
        2.620834266053862e-06,
        2.1300236312526977e-06,
        1.7481243048678152e-06,
        2.0495149328780826e-06,
        2.5315625862276647e-06,
        1.9769743175857e-06,
        1.8374327055425965e-06,
        1.7609130509299575e-06,
        2.1136524992471095e-06,
        1.6979213341983268e-06,
        1.818684495447087e-06,
        1.6425619833171368e-06,
        1.971542587853037e-06
    ],
    "comm_volume": [
        5762,
        11524,
        17286,
        23048,
        28810,
        34572,
        40334,
        46096,
        51858,
        57620,
        63382,
        69144,
        74906,
        80668,
        86430,
        92192,
        97954,
        103716,
        109478,
        115240,
        121002,
        126764,
        132526,
        138288,
        144050,
        149812,
        155574,
        161336,
        167098,
        172860,
        178622,
        184384,
        190146,
        195908,
        201670,
        207432,
        213194,
        218956,
        224718,
        230480,
        236242,
        242004,
        247766,
        253528,
        259290,
        265052,
        270814,
        276576,
        282338,
        288100,
        293862,
        299624,
        305386,
        311148,
        316910,
        322672,
        328434,
        334196,
        339958,
        345720,
        351482,
        357244,
        363006,
        368768,
        374530,
        380292,
        386054,
        391816,
        397578,
        403340,
        409102,
        414864,
        420626,
        426388,
        432150,
        437912,
        443674,
        449436,
        455198,
        460960,
        466722,
        472484,
        478246,
        484008,
        489770,
        495532,
        501294,
        507056,
        512818,
        518580,
        524342,
        530104,
        535866,
        541628,
        547390,
        553152,
        558914,
        564676,
        570438,
        576200
    ]
}