{
    "train_loss": [
        0.0,
        0.0,
        0.0,
        0.0,
        0.0,
        0.0,
        0.0,
        0.0,
        0.0,
        0.0,
        0.0,
        0.0,
        0.0,
        0.0,
        0.0,
        0.0,
        0.0,
        0.0,
        0.0,
        0.0,
        0.0,
        0.0,
        0.0,
        0.0,
        0.0,
        0.0,
        0.0,
        0.0,
        0.0,
        0.0,
        0.0,
        0.0,
        0.0,
        0.0,
        0.0,
        0.0,
        0.0,
        0.0,
        0.0,
        0.0,
        0.0,
        0.0,
        0.0,
        0.0,
        0.0,
        0.0,
        0.0,
        0.0,
        0.0,
        0.0,
        0.0,
        0.0,
        0.0,
        0.0,
        0.0,
        0.0,
        0.0,
        0.0,
        0.0,
        0.0,
        0.0,
        0.0,
        0.0,
        0.0,
        0.0,
        0.0,
        0.0,
        0.0,
        0.0,
        0.0,
        0.0,
        0.0,
        0.0,
        0.0,
        0.0,
        0.0,
        0.0,
        0.0,
        0.0,
        0.0,
        0.0,
        0.0,
        0.0,
        0.0,
        0.0,
        0.0,
        0.0,
        0.0,
        0.0,
        0.0,
        0.0,
        0.0,
        0.0,
        0.0,
        0.0,
        0.0,
        0.0,
        0.0,
        0.0,
        0.0
    ],
    "test_acc": [
        38.809999999999995,
        38.21000000000001,
        38.21,
        38.74,
        39.7,
        40.97,
        42.290000000000006,
        43.91,
        45.60000000000001,
        47.160000000000004,
        48.95,
        50.53000000000001,
        52.11,
        54.089999999999996,
        55.980000000000004,
        57.8,
        59.68999999999998,
        61.60999999999999,
        63.86,
        65.99,
        68.33999999999999,
        70.64999999999999,
        72.9,
        75.23,
        77.23,
        78.88,
        80.45,
        81.69999999999999,
        83.02000000000001,
        84.11999999999999,
        85.32000000000001,
        86.47999999999999,
        87.5,
        88.32,
        89.16,
        89.93,
        90.56,
        91.03999999999999,
        91.48000000000002,
        91.96000000000001,
        92.41,
        92.81000000000002,
        93.09000000000002,
        93.31000000000002,
        93.54,
        93.68,
        93.73,
        93.80000000000001,
        93.82000000000001,
        93.92999999999999,
        94.01999999999998,
        94.08,
        94.15,
        94.25,
        94.35999999999999,
        94.38999999999997,
        94.43999999999998,
        94.47999999999999,
        94.5,
        94.5,
        94.5,
        94.5,
        94.5,
        94.5,
        94.5,
        94.5,
        94.5,
        94.5,
        94.5,
        94.5,
        94.5,
        94.5,
        94.5,
        94.5,
        94.5,
        94.5,
        94.5,
        94.5,
        94.5,
        94.5,
        94.5,
        94.5,
        94.5,
        94.5,
        94.5,
        94.5,
        94.5,
        94.5,
        94.5,
        94.5,
        94.5,
        94.5,
        94.5,
        94.5,
        94.5,
        94.5,
        94.5,
        94.5,
        94.5,
        94.5
    ],
    "test_mse": [],
    "consensus_error": [
        0.12137900292873383,
        0.06102804094552994,
        0.03517642989754677,
        0.021013900637626648,
        0.012734751217067242,
        0.00780075928196311,
        0.004819062538444996,
        0.003004838479682803,
        0.0018830059561878443,
        0.0011881759855896235,
        0.0007522327359765768,
        0.00048216278082691133,
        0.00030965154292061925,
        0.0002018725936068222,
        0.00013323358143679798,
        9.210228745359927e-05,
        6.271641905186698e-05,
        4.490735227591358e-05,
        3.349385588080622e-05,
        2.8685990400845185e-05,
        2.260071414639242e-05,
        1.8573453417047858e-05,
        1.608360616955906e-05,
        1.707670890027657e-05,
        1.50012683661771e-05,
        1.3995277186040767e-05,
        1.28199826576747e-05,
        1.4058974556974135e-05,
        1.2276874258532189e-05,
        1.231413807545323e-05,
        1.139054620580282e-05,
        1.2888480341644026e-05,
        1.1348090083629359e-05,
        1.122738467529416e-05,
        1.0598758308333345e-05,
        1.1769772754632868e-05,
        1.038795289787231e-05,
        1.0252752872474957e-05,
        9.733770639286377e-06,
        1.0678190847102087e-05,
        9.472048077441286e-06,
        9.495957783656195e-06,
        8.999117198982276e-06,
        1.0406141882413067e-05,
        9.23671541386284e-06,
        8.841601811582223e-06,
        8.512938620697241e-06,
        9.499561201664619e-06,
        8.55941016197903e-06,
        8.08115419204114e-06,
        7.807957445038483e-06,
        9.016113835969009e-06,
        7.702548828092404e-06,
        7.080750037857797e-06,
        7.316747996810591e-06,
        8.06342541181948e-06,
        7.158805146900704e-06,
        6.490016858151648e-06,
        6.776483587600524e-06,
        8.118082405417226e-06,
        7.245757842611056e-06,
        6.348148417600896e-06,
        6.435100658563897e-06,
        6.996038337092614e-06,
        6.272027349041309e-06,
        5.968440746073611e-06,
        5.913409495406086e-06,
        6.802877123845974e-06,
        6.517859674204374e-06,
        5.8087753131985664e-06,
        5.277312993712258e-06,
        6.796199158998206e-06,
        6.024110462021781e-06,
        5.907809281779919e-06,
        5.575014256464783e-06,
        5.873802820133278e-06,
        4.997169071430108e-06,
        4.785373221238842e-06,
        4.96475468025892e-06,
        5.410207904787967e-06,
        4.465613073989516e-06,
        4.263736627763137e-06,
        4.373755018605152e-06,
        5.343683369574137e-06,
        4.80661992696696e-06,
        4.535194875643356e-06,
        4.447913852345664e-06,
        4.957934379490325e-06,
        4.379207439342281e-06,
        3.913953605660936e-06,
        4.09470794693334e-06,
        4.802073817700148e-06,
        4.198001079203095e-06,
        3.925165401597042e-06,
        3.827996351901675e-06,
        4.116142463317374e-06,
        3.773351181735052e-06,
        3.7845245515200077e-06,
        3.416631898289779e-06,
        3.811492206295952e-06
    ],
    "comm_volume": [
        3752,
        7504,
        11256,
        15008,
        18760,
        22512,
        26264,
        30016,
        33768,
        37520,
        41272,
        45024,
        48776,
        52528,
        56280,
        60032,
        63784,
        67536,
        71288,
        75040,
        78792,
        82544,
        86296,
        90048,
        93800,
        97552,
        101304,
        105056,
        108808,
        112560,
        116312,
        120064,
        123816,
        127568,
        131320,
        135072,
        138824,
        142576,
        146328,
        150080,
        153832,
        157584,
        161336,
        165088,
        168840,
        172592,
        176344,
        180096,
        183848,
        187600,
        191352,
        195104,
        198856,
        202608,
        206360,
        210112,
        213864,
        217616,
        221368,
        225120,
        228872,
        232624,
        236376,
        240128,
        243880,
        247632,
        251384,
        255136,
        258888,
        262640,
        266392,
        270144,
        273896,
        277648,
        281400,
        285152,
        288904,
        292656,
        296408,
        300160,
        303912,
        307664,
        311416,
        315168,
        318920,
        322672,
        326424,
        330176,
        333928,
        337680,
        341432,
        345184,
        348936,
        352688,
        356440,
        360192,
        363944,
        367696,
        371448,
        375200
    ]
}